Wide target sequence,Guide sequence ((G/g)N19),3 extension sequence of pegRNA,PBS length,RT template length,Endo-BR1-TR1,Endo-BR1-TR2,Endo-BR2-TR1,Endo-BR2-TR2,Endo-BR2-TR3,Endo-BR3
TACCCACCTGGCCGTTGGCCTTCGCGGGGGAAGCGCCTGCTGCAGCT,GACCTGGCCGTTGGCCTTCG,GCGCTTCCCCgGCGAAGGCCAACGGC,11,15,not deteceted,not deteceted,not deteceted,not deteceted,not deteceted,4.086265607
TGGGTCCGCTGGTGCACTACGAGCTGGGAGCGCTGGCTGAAGCAGCT,GCCGCTGGTGCACTACGAGC,GCTCCgAGCTCGTAGTGCACCAG,13,10,1.236849588,1.204416193,0.76408787,0.502039536,0.527295285,0.528500097
CCCAAAGCGCATCCAGCACCGACATGGTGAACAAGGCCCGTGGCAGG,GAGCGCATCCAGCACCGACA,TGCCACGGGCCTTGCGGTGCTGGATGC,13,14,1.969305989,1.976149915,0.897065531,0.888395336,1.370431894,2.135130006
AGTTCTACGTGAACAGCACACTTAAGGAACTGAGGAGGCTCTTAGCT,GTACGTGAACAGCACACTTA,TCCTCAGTTCgTTAAGTGTGCTGTTC,11,15,5.130204273,4.632768362,2.013888889,2.565343659,2.610966057,3.536801857
TGCTCAATTCTGAAGTCACTTTTTTGGTTGTAGAAATGACTGTAGCT,GAATTCTGAAGTCACTTTTT,TTTCTACAACgAAAAAAGTGACTTCAGAAT,15,15,0,not deteceted,not deteceted,not deteceted,not deteceted,0.009675547
GTAAATACCTGAAAATGCTTAAAGAGGAAAAGAGGGAAGAAGAAGCT,GTACCTGAAAATGCTTAAAG,TTCTTCCCTCTTTTCgTCTTTAAGCATTTTCAGGT,15,20,0.275,0.324280503,0,0.141643059,0,0.101477055
CTGCCATCTTCATTTTTGAACTTTTGGGTTCAAACTCAGAAGGAGCT,GATCTTCATTTTTGAACTTT,TTCTGAGTTTGAACCgAAAAGTTCAAA,7,20,0,0,0.028153153,0,0,0.008921402
CAGGGGTGGCTCACCTCTAGGTACCGGCTTTCCCCTCTTAGAGAGCT,GGTGGCTCACCTCTAGGTAC,GGAAAGCgGGTACCTAGAG,7,12,12.86868687,12.36541599,11.02941176,11.49992292,12.3853211,13.01097958
GAGTGCACTGTCACGGGTTTTCTGCGGGACAAGCTGCAGTACAAGCT,GCACTGTCACGGGTTTTCTG,TACTGCAGCTTGTCCgGCAGAAAACCCGTGA,11,20,1.207668271,1.007838746,0.769958125,0.945236309,0.920657908,1.0804769
AGCAGATTTGTAATCTCGATGTTTTGGTAGTTTCTCAATAAAGAGCT,GATTTGTAATCTCGATGTTT,AAACTACgAAAACATCGAGAT,9,12,not deteceted,not deteceted,not deteceted,not deteceted,not deteceted,0.073418872
CCTCAACATCTATAAAGACCGTCCTGGCAGATACATCTGGATCAGCT,GACATCTATAAAGACCGTCC,TCCAGATGTATCTGCgAGGACGGTCTTTATAGATGTT,17,20,0,0,0.107758621,0,0,6.333527019
TCACATTGTTGTTCACCTCCTCGATGGCATTCACCCTCTTCGAAGCT,GTTGTTGTTCACCTCCTCGA,AGGGTGAATGCCAagGAGGAGGTGAACAA,13,16,22.87648368,20.88720907,11.8057811,13.17434591,13.95076202,22.09388972
GTGGTGAGCCAAGTGAAAATAGCGAGGAACCCAAACTGTGGGGAGCT,GGAGCCAAGTGAAAATAGCG,AGTTTGGGTTggTCGCTATTTTCACTTGG,13,16,0.969492128,0.981996727,0.496760259,0.464230449,0.599041534,1.067308566
CACAGCTACCCACTTGTTGCCACCAGGTAAGTAAGACTAAAGAAGCT,GCTACCCACTTGTTGCCACC,CTTACgTGGTGGCAACAAG,9,10,8.48806366,8.238851096,4.949053857,5.424954792,3.431372549,6.53276131
CCTACCGTCTTGGAATCTAACTCATGGTGGGGCTGACCTAATAAGCT,GCGTCTTGGAATCTAACTCA,TCAGCCCCACgATGAGTTAGAT,7,15,0,0,not deteceted,not deteceted,not deteceted,3.475935829
AAGAACCTTCCTGTTAATGTACGTTGGCTACTTTGTGGCTGCCAGCT,GCCTTCCTGTTAATGTACGT,GTAGCgAACGTACATTAAC,9,10,1.437024514,0.808781051,0.284495021,0.822561692,0.756756757,1.590692352
CCTCTACGCCCTGCTTCGCGCATTCGGCTGGGCGCGCGTGGCCAGCT,GACGCCCTGCTTCGCGCATT,CCAGCgGAATGCGCGAAGCAGGGCG,15,10,0.032247662,0,0.262582057,0.314575323,0.063938619,0
AGCAGTTCCTTCTAGAGAAGCTGAAGGTAAGCCTGTTACTTGAAGCT,GTTCCTTCTAGAGAAGCTGA,GGCTTACgTTCAGCTTCTCTAGA,11,12,11.01959671,9.568874869,5.330151154,5.867215646,4.438280166,10.18259048
CGTTTGTCCCTCCAGCATCTGCTCTGGCTCCATGGCGGACCCTAGCT,GGTCCCTCCAGCATCTGCTC,ATGGAGCgAGAGCAGATGCTGGA,11,12,28.15391733,20.21072797,10.85373412,10.79397154,10.73238944,26.38297872
ATGTGCGAGTTCAAGTGCTACCCGAGGTGCGAGGCCAGCTCGGAGCT,GCGAGTTCAAGTGCTACCCG,CTCGCACgTCGGGTAGCAC,7,12,32.5188237,27.52562225,16.40304628,15.80289855,15.12471254,26.37544166
TGAAGGGAGCCCTGACAAGGTGTATGGGTCGGTGTGTGGCCTTAGCT,GGGAGCCCTGACAAGGTGTA,ACCGACCgATACACCTTGTCAGGGCTCCC,17,12,0.07204611,0.229658793,0.043744532,0.035739814,0.087032202,not tested
CATCTGCAGAGTTTCTGCCATTACTGGGTCGATTTGCAGTCGGAGCT,GGCAGAGTTTCTGCCATTAC,ATCGACCgAGTAATGGCAG,7,12,0.048274197,0.045269353,0.069979006,0.086994345,0,not tested
TGTAGGCGCCGATGACCTCGTCCACGGTCACATTCTGGGCTGCAGGC,GGCGCCGATGACCTCGTCCA,CTGCAGCCCAGAATACGAGGTCATCGG,13,14,3.863432165,2.691248146,0.781117337,0.660676533,0.971608833,not tested
GGCCACACAATAGTGACAACTGTGAGGCATGTCTGCAGGGCTTAGCT,GCACAATAGTGACAACTGTG,GACATGCgTCACAGTTGTCACTATTGTGT,17,12,21.06983655,17.61030847,9.417040359,8.265139116,11.24183007,not tested
GGTGGATTTGTGTGTACCCATAACAGGGTCATTTTCCATGTCAAGCT,GATTTGTGTGTACCCATAAC,AATGACCgTGTTATGGGTACACACAAA,15,12,13.81663113,12.74564851,5.542763158,8.766898812,7.251537714,not tested
CCTAAGAAGGTCGACCTCATCATCTGGGAGATCGAGGTGCCAAAGCT,GGAAGGTCGACCTCATCATC,GGCACCTCGATCTCCgAGATGATGAGG,7,20,1.795501796,1.405975395,0.850661626,0.510204082,0.866126906,not tested
TCCTGTATGAATCTTTCCACGCCCTGGCTCCGAGGGTCTTCAGAGCT,GTATGAATCTTTCCACGCCC,GGAGCgAGGGCGTGGAAAGATTCAT,15,10,32.28110599,34.04255319,not deteceted,13.31609567,11.89358372,not tested
TCACTCTTCCAGCCGCGTTGTCCATGGTGAGGATGCGGTCCCCAGCT,GCTTCCAGCCGCGTTGTCCA,CCTCACCATGcACAACGCGGCTGG,13,11,0.567707464,0.706713781,0.176280482,0.196126502,0.271672018,not tested
AGTTGACAAGACATTATCAGCTACTGGTTGGCCGTTATTTATCAGCT,GACAAGACATTATCAGCTAC,AACGGCCAACgAGTAGCTGATAATGT,11,15,24.90369363,23.02913453,10.55726687,14.07873155,12.29000884,not tested
CTGGGCATCTGGAGGATTGTGATCAGGATCCAAAGAGGTAATGAGCT,GCATCTGGAGGATTGTGATC,TTACCTCTTTGGATCgTGATCACAATCCTCCAGATGC,17,20,0.20459553,0.276025237,0.044692737,0.010412328,0,not tested
CTTCAATAATCAGCCAGCCTTCACTGGAGATGAACATGGCTCAAGCT,GATAATCAGCCAGCCTTCAC,TCATCTCgAGTGAAGGCTG,7,12,0.124378109,0.086918731,0,not deteceted,not deteceted,not tested
AAGGGGGATATGGTAGCTCCAACTGGGTGACCAGCTACCTCCTAGCT,GGGATATGGTAGCTCCAACT,GTCACgCAGTTGGAGCTACCATA,13,10,9.747545582,2.383316783,3.798685687,3.84966247,3.373603829,not tested
GCTGGGGGTTACATGGCCGTAGCGTGGGCTGACGAATAAGGGTAGCT,GGGGTTACATGGCCGTAGCG,GTCAGCCgACGCTACGGCC,7,12,2.714932127,2.187422322,0.550391389,0.902096047,0.740740741,not tested
