Wide target sequence,Guide sequence ((G/g)N19),3 extension sequence of pegRNA,PBS length ,RT template length,HCT-BR1-TR1,HCT-BR1-TR2,HCT-BR2-TR1,HCT-BR2-TR2,MDA-BR1-TR1,MDA-BR1-TR2,MDA-BR2-TR1,MDA-BR2-TR2
CGCAGACACGGCTGGGCACAAGACTGGACTTAGACACAGCTCAAGCT,GACACGGCTGGGCACAAGAC,AAGTCgAGTCTTGTGCCCAGC,11,10,1.605995717,1.526433358,1.7809439,3.202269964,7.170099161,6.079463858,10.03777658,9.05775076
CCAAAGAATCTTTCATTTTCTTTCAGGGTCACGATCACCGGTGAGCT,GGAATCTTTCATTTTCTTTC,TGACCgTGAAAGAAAATGAAA,11,10,0,0,0,0.050929463,0,0,0,0.030129557
TGGAGGCGGAGCTGCGGAGCATGCAGGATGTGGTGGAGGACTTAGCT,GGCGGAGCTGCGGAGCATGC,ACATCgTGCATGCTCCGCAGC,11,10,0,0.695134062,1.410437236,0.729166667,11.8895966,10.69012179,15.47826087,14.60843373
TCATCAACACTAAGTTTATGTTTTTGGAACAGCTCCTATATAAAGCT,GAACACTAAGTTTATGTTTT,TGTTCgAAAAACATAAACTTAGT,13,10,0.072780204,0,0.058139535,0,0,0,0.044345898,0
TCCAACAGAATTTGCCATTTTCAGTGGAAAACAAGTGGTCGTTAGCT,GCAGAATTTGCCATTTTCAG,TTTTCgACTGAAAATGGCAAATT,13,10,0.642054575,0.690051754,0.394736842,0.437773609,6.909430439,5.548705302,6.753407683,7.805907173
GCCTGGGCATCTTCGTCAGCAAAGTGGAGGAAGGCAGCAGTGCAGCT,GGGCATCTTCGTCAGCAAAG,TCCTCgACTTTGCTGACGAAGAT,13,10,1.543942993,0.978077572,1.127141569,1.608247423,4.178470255,4.123263889,4.543185222,4.492307692
AAGGGGGATATGGTAGCTCCAACTGGGTGACCAGCTACCTCCTAGCT,GGGATATGGTAGCTCCAACT,GTCACgCAGTTGGAGCTACCATA,13,10,5.764411028,3.44657804,3.583426652,4.733727811,6.342913776,6.366047745,5.471562275,7.090909091
AGTTGATGACAGTCCAAGCACTAGTGGAGGAAGTTCCGATGGAAGCT,GATGACAGTCCAAGCACTAG,TCCTCgACTAGTGCTTGGACTGT,13,10,7.231270358,7.985143918,6.670746634,7.350608144,20.26476578,20.2166065,16.44318984,20.25423729
AAGACAACGTTCGTTCTGTGCCAGAGGATGACCAGCGACCCTGAGCT,GAACGTTCGTTCTGTGCCAG,TCATCgTCTGGCACAGAACGAAC,13,10,4.526166902,3.021442495,3.444444444,3.225806452,21.47147147,17.04668838,20.62176166,25.35612536
TGGTCGGCCTGAAGAAAAAGAGTGCGGATGATGTGAAGAAGGTAGCT,GGGCCTGAAGAAAAAGAGTG,TCATCgGCACTCTTTTTCTTCAG,13,10,0.026652452,0.018932223,0,0.0456621,0,0.020517029,0,0.032797639
GCCCACATCACCCAGTCCCGAACATGGGTTTCTGTCCACTGCCAGCT,GCATCACCCAGTCCCGAACA,AAACCgATGTTCGGGACTGGGTGAT,15,10,2.740863787,2.464788732,3.227734608,4.409937888,10.45454545,7.628398792,7.01754386,7.818930041
TCCTGTATGAATCTTTCCACGCCCTGGCTCCGAGGGTCTTCAGAGCT,GTATGAATCTTTCCACGCCC,GGAGCgAGGGCGTGGAAAGATTCAT,15,10,0.531914894,0.38406145,0.607533414,0.307534598,0.787401575,1.021634615,0.6271777,1.017811705
ACCTGAAGAAAAGAGCAAGCGCACAGGGTTACTTCGTGGGGAGAGCT,GAAGAAAAGAGCAAGCGCAC,TAACCgTGTGCGCTTGCTCTTTTCT,15,10,0.722311396,0.342270394,0.85978836,0.522648084,11.66489926,10.04752206,7.101865136,7.989690722
TTTTTCCGCTTCTTCTCAATCATCTGGGCCAGGAAGTTCCCAAAGCT,GCCGCTTCTTCTCAATCATC,TGGCCgAGATGATTGAGAAGAAGCGGA,17,10,0,0,0,0,0,0.035701535,0,0
GGGCCCGCGCTCACCTGGGAGATGTGGGACTGGGTCCTCTCGCAGCT,GCGCGCTCACCTGGGAGATG,AGTCCgACATCTCCCAG,7,10,6.897976043,6.723252178,6.898754392,8.556149733,6.096925482,5.45037292,6.680881308,6.409322651
GAGATGATAGCAAAAATGCACATCCGGGGCATTGTCAAGGTGAAGCT,GGATAGCAAAAATGCACATC,TGCCCgGGATGTGCATT,7,10,not detected,0,0,0.262467192,not detected,not detected,not detected,0
GGCTCCCCGTGTCCAAGAAAACCCTGGTGAGTGATGAGGCTCTAGCT,GCCCGTGTCCAAGAAAACCC,CTCACgAGGGTTTTCTT,7,10,0.175746924,0,0,0,0,0,0,0
TGTGGTGCAGCACTTCTGTTCAGCCGGACACAATTCATCACCCAGCT,GTGCAGCACTTCTGTTCAGC,GTGTCgGGCTGAACAGA,7,10,0,0.210526316,0,0.806451613,not detected,0,0,0.275482094
GGCACAAGCGCACTTGCGGGCATCAGGCACATCTTCGCCCACCAGCT,GAAGCGCACTTGCGGGCATC,TGTGCgTGATGCCCGCA,7,10,3.972194638,4.171364149,6.912442396,6.39070443,16.01615074,14.11671924,22.12290503,20.73684211
TTTTAGAGTCTTCAGCCGTGCTCTTGGTATATTGTTCTTGGACAGCT,GGAGTCTTCAGCCGTGCTCT,TATACgAAGAGCACGGC,7,10,3.115401492,3.506097561,3.040173724,3.602444516,15.01577287,12.42980157,12.37393328,13.51602415
CACAGCTACCCACTTGTTGCCACCAGGTAAGTAAGACTAAAGAAGCT,GCTACCCACTTGTTGCCACC,CTTACgTGGTGGCAACAAG,9,10,0.940070505,0.936599424,1.02739726,2.132895816,18.21656051,13.67924528,17.89297659,17.99816345
GCTTCACTGCTACGTCCTCGCCGTTGGTGGTGGTGATGCCCAGAGCT,GACTGCTACGTCCTCGCCGT,ACCACgAACGGCGAGGACG,9,10,10.40688576,10.52886948,11.10367893,11.11761264,37.97468354,39.77746871,38.38028169,42.68391269
AAGAACCTTCCTGTTAATGTACGTTGGCTACTTTGTGGCTGCCAGCT,GCCTTCCTGTTAATGTACGT,GTAGCgAACGTACATTAAC,9,10,0.64516129,0.409836066,0.573065903,0.944669366,0.678733032,1.687116564,3.255813953,2.620967742
GCCCATGCCCATCGAAGTCCCAGATGGCCACAAGGGGCCTGCTAGCT,GTGCCCATCGAAGTCCCAGA,GTGGCgATCTGGGACTTCG,9,10,5.455202312,5.84498094,6.359906213,6.717256886,13.31828442,10.61384941,13.77299237,13.82886776
AGCAGTTCCTTCTAGAGAAGCTGAAGGTAAGCCTGTTACTTGAAGCT,GTTCCTTCTAGAGAAGCTGA,GGCTTACgTTCAGCTTCTCTAGA,11,12,7.672349889,9.317552254,9.526627219,10.89594629,47.43066884,43.14594295,46.81490385,49.17065979
GGGCTGACACTAAGACGGTTAGTGTGGTTGTGGGCCGTGCTCTAGCT,GGACACTAAGACGGTTAGTG,CCACAACgACACTAACCGTCTTA,11,12,1.740812379,1.25,1.454775459,2.048947069,9.477756286,9.629101284,10.47227926,12.1835443
CCGTGTGCGTACGGCATGACCTCGCGGAGGCCATCCATGGCGAAGCT,GTGCGTACGGCATGACCTCG,TGGCCTCgGCGAGGTCATGCCGT,11,12,0,0,0,0.129533679,0,0.3125,0.67114094,0.378071834
CGTTTGTCCCTCCAGCATCTGCTCTGGCTCCATGGCGGACCCTAGCT,GGTCCCTCCAGCATCTGCTC,ATGGAGCgAGAGCAGATGCTGGA,11,12,1.898546425,1.686217009,1.870032726,2.022222222,10.57884232,5.859030837,8.295896975,10.22236973
AGCAGATGTTAACCATGCTGCCAAAGGAAATTCAGGCTTGGCTAGCT,GATGTTAACCATGCTGCCAA,GAATTTCgTTTGGCAGCATGGTTAA,13,12,0.220750552,0.144300144,1.032448378,0.126742712,3.428571429,3.350970018,7.902735562,8.385093168
GGTGGATTTGTGTGTACCCATAACAGGGTCATTTTCCATGTCAAGCT,GATTTGTGTGTACCCATAAC,AATGACCgTGTTATGGGTACACACAAA,15,12,1.822457378,2.342673404,2.835332606,3.221415608,14.36335404,13.51968055,19.45504087,13.5301353
CGTTTGTCCCTCCAGCATCTGCTCTGGCTCCATGGCGGACCCTAGCT,GGTCCCTCCAGCATCTGCTC,ATGGAGCgAGAGCAGATGCTGGAGGGA,15,12,11.40819964,10.88757396,8.483563097,8.48880597,47.32142857,37.89173789,37.94520548,47.97507788
TAAGTTGGACCATTATTACAGAATTGGTGAGTAAAACCTGAGGAGCT,GTGGACCATTATTACAGAAT,TACTCACgAATTCTGTAATAATGGTCC,15,12,0,0,0,0,0,0,0,0
TGAAGGGAGCCCTGACAAGGTGTATGGGTCGGTGTGTGGCCTTAGCT,GGGAGCCCTGACAAGGTGTA,ACCGACCgATACACCTTGTCAGGGCTCCC,17,12,0.058788948,0,0.084388186,0.115118956,0,0.506756757,0.490196078,0.743889479
GAAGATGAGGCGGCGATTGGAATCTGGTGACAAGTGGTTCTCCAGCT,GTGAGGCGGCGATTGGAATC,TTGTCACgAGATTCCAATCGCCGCCTCAT,17,12,0.644122383,0.683453237,0.509259259,1.836734694,7.338308458,3.58974359,5.534709193,6.886898096
GGCCACACAATAGTGACAACTGTGAGGCATGTCTGCAGGGCTTAGCT,GCACAATAGTGACAACTGTG,GACATGCgTCACAGTTGTCACTATTGTGT,17,12,3.135135135,2.16579537,3.413498836,5.458680819,22.99212598,19.39698492,18.54974705,20.85682074
ATGTGCGAGTTCAAGTGCTACCCGAGGTGCGAGGCCAGCTCGGAGCT,GCGAGTTCAAGTGCTACCCG,CTCGCACgTCGGGTAGCAC,7,12,3.293583191,3.720136519,4.369747899,4.019174041,26.27511592,24.20803783,30.31088083,31.73758865
GCTGGGGGTTACATGGCCGTAGCGTGGGCTGACGAATAAGGGTAGCT,GGGGTTACATGGCCGTAGCG,GTCAGCCgACGCTACGGCC,7,12,0.422237861,0.698438784,0.515168861,0.242483026,1.294498382,0.836202656,1.395348837,0.97213221
CCTTCCCTGTGCAGCTATCCGTTTTGGTCGGATGCCGGAGGCTAGCT,GCCTGTGCAGCTATCCGTTT,ATCCGACgAAAACGGATAG,7,12,0.046232085,0,0,0,0.197141449,0.028113579,0.115251633,0
CTTACGAACGACCTGACAGCCAAGAGGCTCCTACATGTGAAGGAGCT,GGAACGACCTGACAGCCAAG,TAGGAGCgTCTTGGCTGTC,7,12,9.034712316,9.106588479,10.68190777,11.4816088,13.58885017,11.55251142,19.70692269,23.04250559
CTTCAATAATCAGCCAGCCTTCACTGGAGATGAACATGGCTCAAGCT,GATAATCAGCCAGCCTTCAC,TCATCTCgAGTGAAGGCTG,7,12,0.105596621,0.035498758,0.140977444,0,0,0.183486239,0.081466395,0.232666356
CATCTGCAGAGTTTCTGCCATTACTGGGTCGATTTGCAGTCGGAGCT,GGCAGAGTTTCTGCCATTAC,ATCGACCgAGTAATGGCAG,7,12,0,0,0,0.031897927,0.066622252,0.03219575,0.034831069,0
TTTCGAAGTTCTATCAGTTCTCGACGGAGATATTTCACCTGACAGCT,GAAGTTCTATCAGTTCTCGA,ATATCTCgGTCGAGAACTG,7,12,0.660066007,0.413793103,0.760135135,0.582362729,2.902055623,1.892505678,4.197080292,2.432667246
CAGGGGTGGCTCACCTCTAGGTACCGGCTTTCCCCTCTTAGAGAGCT,GGTGGCTCACCTCTAGGTAC,GGAAAGCgGGTACCTAGAG,7,12,13.97006415,13.57638112,14.87782246,17.65998352,3.787878788,3.418308227,5.564784053,6.386066763
TGACCTAGACGGGTCGGGGGATCCTGGCGGCTTAGGGGACTGGAGCT,GTAGACGGGTCGGGGGATCC,AAGCCGCgAGGATCCCCCGAC,9,12,not detected,0.99009901,0.854700855,1.739130435,not detected,0.997506234,2.66075388,1.319261214
CCTTCACTCGAACTTTGACTTGATCGGGTTCAAAACCGCATACAGCT,GACTCGAACTTTGACTTGAT,TTGAACCgGATCAAGTCAAAG,9,12,0,0,0,0.056116723,0,0,0.21905805,0.065402224
ACTAATTCGACATCAGTTTCATCGAGGAAAGGTAAGAAGAGCCAGCT,GTTCGACATCAGTTTCATCG,ACCTTTCgTCGATGAAACTGA,9,12,0.483759502,0.254841998,0.362756953,0.505816894,4.486626402,2.396514161,2.578947368,3.007980356
AGTTCTACGTGAACAGCACACTTAAGGAACTGAGGAGGCTCTTAGCT,GTACGTGAACAGCACACTTA,TCCTCAGTTCgTTAAGTGTGCTGTTC,11,15,0.979262673,0.06975933,0.538423886,0.275699094,9.31372549,6.580406654,6.211812627,7.790821772
AGTTGACAAGACATTATCAGCTACTGGTTGGCCGTTATTTATCAGCT,GACAAGACATTATCAGCTAC,AACGGCCAACgAGTAGCTGATAATGT,11,15,6.120092379,6.136363636,5.741626794,6.373008435,20.1804758,14.55124801,17.87709497,17.67123288
GAACCTGACACTTATATCTTCTCTAGGTAAGGCACTCACACTCAGCT,GTGACACTTATATCTTCTCT,AGTGCCTTACgTAGAGAAGATATAAGTG,13,15,0.176133862,0.031665611,0,0.102214651,2,1.149814001,1.402373247,0.981647461
GCTGGAAGCCCATCACCGACTATGTGGACCAGCAGTTTGAGCAAGCT,GAAGCCCATCACCGACTATG,ACTGCTGGTCgACATAGTCGGTGATGGG,13,15,2.914979757,3.288797533,2.676733013,4.026845638,12.625,7.866043614,11.05947955,13.96917148
TTTGATTTACAGGATCTCCAAAGATGGGTAAATGGTGCTAATGAGCT,GTTTACAGGATCTCCAAAGA,ACCATTTACCgATCTTTGGAGATCCTGT,13,15,0.313873195,0.331517878,0.029103609,0.508517671,2.136613791,1.661779081,1.793981481,3.186646434
CTTGATTCAACGTGCTGTTGCTGCTGGGGTGTGCTGGAACAGGAGCT,GTTCAACGTGCTGTTGCTGC,CAGCACACCCgAGCAGCAACAGCACGTT,13,15,0.206896552,0.166112957,0.051440329,0.508083141,3.21453529,1.951672862,2.877697842,2.50965251
TTCGTGACAACCTCTACCTCCGCACGGTGCCATGTGAGTACAAAGCT,GGACAACCTCTACCTCCGCA,CACATGGCACgGTGCGGAGGTAGAGGTT,13,15,1.047120419,0.851788756,2.268431002,1.243339254,15.04702194,10.04098361,13.65546218,9.339407745
CAAGCACTGTCTGTACATACATTTTGGGGTCCTTAAATGGGGGAGCT,GACTGTCTGTACATACATTT,TTAAGGACCCgAAAATGTATGTACAGACAG,15,15,0,0.286944046,0,0,0,0,0.169491525,0
GCAGGAACTCAAAGCAGCCGCTGATGGCGTACTATCTGAAGTGAGCT,GAACTCAAAGCAGCCGCTGA,GATAGTACGCgATCAGCGGCTGCTTTGAGTTC,17,15,1.554404145,1.446654611,1.718403548,3.344170924,9.654631083,7.547169811,9.557408595,8.85341074
CTGTGCACATTTATGTCACCCAGCTGGCTGAGAAGTTCGACCTAGCT,GCACATTTATGTCACCCAGC,ACTTCTCAGCgAGCTGGGTGAC,7,15,3.324584427,2.970885324,4.097894138,4.626708728,3.865213082,3.93918452,6.865127582,7.363253857
ACTGCCGATACCTGAACTTCACTAAGGGAGAAGAGATATCTGTAGCT,GCGATACCTGAACTTCACTA,TCTCTTCTCCgTTAGTGAAGTTCA,9,15,0.240963855,0.042607584,0,0.045724737,0.275862069,0.273224044,0.637567435,0.580383053
TTTGTTAGGGCTGTGCTCAATGACTGGATGTTCCCTATATGCAAGCT,GTAGGGCTGTGCTCAATGAC,AGGGAACATCgAGTCATTGAGCAC,9,15,4.724409449,3.483941208,3.87755102,4.380201489,17.34693878,14.47931526,18.44215349,21.80685358
ACATACCTGTTATCGTCTTCCCGAAGGGTCCCATTTAAGCGAGAGCT,GCCTGTTATCGTCTTCCCGA,AAATGGGACCgTTCGGGAAGACGA,9,15,7.984366276,8.446338628,8.494208494,9.992254067,43.17704689,30.18471872,42.51648909,42.73455378
GCTCATGCTGTTTGTCTACTGCACAGGTGAGGGAACCCCCAGAAGCT,GTGCTGTTTGTCTACTGCAC,GTTCCCTCACgTGTGCAGTAGACA,9,15,0.829875519,0.53157559,0.611776702,0.849403122,9.626168224,7.460732984,10.05721168,12.88738877
GAGTGCACTGTCACGGGTTTTCTGCGGGACAAGCTGCAGTACAAGCT,GCACTGTCACGGGTTTTCTG,TACTGCAGCTTGTCCgGCAGAAAACCCGTGA,11,20,0.151630023,0.095238095,0,0.046490005,0.803212851,0.063572791,0.070126227,0.150943396
TGTTTTGATAGTTGCCTTATGCTTTGGATACAGAATGTTGACAAGCT,GTGATAGTTGCCTTATGCTT,TCAACATTCTGTATCgAAAGCATAAGGCAAC,11,20,0.431034483,0.106044539,0.201207243,0.179452669,4.810996564,4.653679654,4.268292683,4.966021955
AGAAGGGGACCCTTCCTCTGTTGAAGGACCAGGTGAGACAGCCAGCT,GGGGACCCTTCCTCTGTTGA,CTGTCTCACCTGGTCgTTCAACAGAGGAAGG,11,20,0.273722628,0.054347826,0.055248619,0,0.21905805,0.306983883,0.50955414,0.346260388
GATAACTTTAGCACCTTATTCCTTTGGCCCAGACAGCTTTGTTAGCT,GCTTTAGCACCTTATTCCTT,CAAAGCTGTCTGGGCgAAAGGAATAAGGTGCTA,13,20,not detected,0.315457413,0,0,not detected,not detected,0.220750552,0
GTAAATACCTGAAAATGCTTAAAGAGGAAAAGAGGGAAGAAGAAGCT,GTACCTGAAAATGCTTAAAG,TTCTTCCCTCTTTTCgTCTTTAAGCATTTTCAGGT,15,20,0,0.05899705,0.072674419,0,0,0.112107623,0,0.591715976
CTGGGCATCTGGAGGATTGTGATCAGGATCCAAAGAGGTAATGAGCT,GCATCTGGAGGATTGTGATC,TTACCTCTTTGGATCgTGATCACAATCCTCCAGATGC,17,20,0,0,0,0,0.186915888,0.27700831,0.137931034,0.397614314
TGGAGACACGGTAAGCTCCATAGCCGGCCAAACATCCAACAAAAGCT,GACACGGTAAGCTCCATAGC,TGTTGGATGTTTGGCgGGCTATGGAGCTTACCGTGTC,17,20,0,0,0,0,0,0,0,0.076219512
CTGCCATCTTCATTTTTGAACTTTTGGGTTCAAACTCAGAAGGAGCT,GATCTTCATTTTTGAACTTT,TTCTGAGTTTGAACCgAAAAGTTCAAA,7,20,0.036443149,0,0.034494653,0.031796502,0,0,0,0.039215686
GAAGGTCATGCTGTGCCGCTTTCAAGGGAGTGCTGTCCAGTTTAGCT,GTCATGCTGTGCCGCTTTCA,ACTGGACAGCACTCCgTTGAAAGCGGC,7,20,0.218340611,0.389518414,0.041718815,0.113722517,1.240694789,0.79751883,0.960512273,0.398604883
AGGTGCCATCGTCACGATCTCTTCTGGCTCCTGCTGCAAACCCAGCT,GCCATCGTCACGATCTCTTC,GTTTGCAGCAGGAGCgAGAAGAGATCG,7,20,0.068259386,0.040209087,0,0.064578624,0,0,0,0.042283298
GGAAACTCTAGAGCACCGTTTATTAGGTAAGCATGTAAACTGAAGCT,GCTCTAGAGCACCGTTTATT,AGTTTACATGCTTACgTAATAAACGGT,7,20,0,0,0,0.067204301,0,0,0,0
TTTCTTCTTCTGCTCTGTTCCAGTTGGCCTAGAGAATAAAGGTAGCT,GTCTTCTGCTCTGTTCCAGT,CTTTATTCTCTAGGCgAACTGGAACAG,7,20,0,0.069252078,0.24291498,0.077821012,0.715746421,0.2734108,0,0.107758621
CCTAAGAAGGTCGACCTCATCATCTGGGAGATCGAGGTGCCAAAGCT,GGAAGGTCGACCTCATCATC,GGCACCTCGATCTCCgAGATGATGAGG,7,20,0.218499636,0.198019802,0.238379023,0.159829515,0.083892617,0.233918129,0.269723533,0.755857899
CAGGGGGGCTCACATCGATCAGGACGGTGCTGTCCTCTTCCTGAGCT,GGGGCTCACATCGATCAGGA,GGAAGAGGACAGCACgGTCCTGATCGA,7,20,0,0,0.050251256,0,0,0.047619048,0.05733945,0
TGGGCACGCTGTTTGCCAACATTGAGGACATCTACGAGTTCAGAGCT,GACGCTGTTTGCCAACATTG,AGATGTCgTCAATGTTGGCAAACAGCGTG,17,12,0,0.07230658,0.091074681,0.174978128,1.47299509,0.982532751,0.523560209,0.808625337
